{"cameraMode":{"drawMode":0,"name":"Shaded","section":"Shading Mode"},"sceneLighting":false,"audioPlay":false,"sceneViewState":{"m_AlwaysRefresh":false,"showFog":true,"showSkybox":false,"showFlares":true,"showImageEffects":true,"showParticleSystems":true,"showVisualEffectGraphs":true,"m_FxEnabled":true},"in2DMode":false,"pivot":{"x":2.6600000858306886,"y":1.4300000667572022,"z":27.969999313354493},"rotation":{"x":-0.6120526194572449,"y":-0.016130832955241205,"z":0.012489202432334423,"w":-0.7905622124671936},"size":1.372042179107666,"orthographic":false}